carid,brand,serial,model,mileage,color,cityId,carCode,transferCount,seatings,country,maketype,modelyear,displacement,gearbox,oiltype,newprice,price,trans_category,tradeTime_year,tradeTime_month,tradeTime_day,registerDate_year,registerDate_month,registerDate_day,licenseDate_year,licenseDate_month,licenseDate_day,car_category
104,8,83,102,3.98,1,3,1.0,0,5,779412.0,2.0,2018.0,1.8,16.0,1,3.327909585892323,2.913154689126674,6.0,2021,5,27,2017,11,1,2018,2,9,0.0
157,25,122,153,4.98,1,3,2.0,0,5,779413.0,1.0,2014.0,1.4,6.0,1,1.958685340544036,1.208960345836975,6.0,2021,5,29,2015,6,1,2015,12,7,0.0
172,2,134,168,6.03,1,3,1.0,0,5,779415.0,2.0,2016.0,1.6,2.0,1,2.601207105484161,2.0769384114617173,6.0,2021,5,4,2015,11,1,2015,12,15,0.0
202,12,92,196,4.82,2,3,1.0,0,5,779415.0,2.0,2018.0,1.5,11.0,1,2.9947317732204075,2.803360380906535,6.0,2021,5,29,2018,7,1,2018,9,7,0.0
240,12,71,233,9.43,5,3,2.0,0,5,779415.0,2.0,2012.0,1.8,22.0,1,2.7067159780890733,1.8687205103641833,6.0,2021,6,10,2012,6,1,2012,7,13,0.0
506,20,118,478,7.89,2,1,1.0,0,5,779412.0,2.0,2018.0,2.0,19.0,1,4.075841090657541,3.56953269648137,6.0,2021,6,1,2017,11,1,2018,4,18,1.0
640,28,78,596,8.1,1,5,1.0,0,5,779419.0,2.0,2016.0,1.6,12.0,1,2.3683728335320486,1.62924053973028,6.0,2021,7,18,2016,11,1,2017,1,16,0.0
662,5,159,615,11.45,1,3,2.0,0,5,779416.0,2.0,2015.0,1.5,3.0,1,2.5641798306825083,1.713797927758343,6.0,2021,7,6,2015,9,1,2015,10,22,0.0
785,5,67,726,3.18,1,2,1.0,0,5,779416.0,2.0,2019.0,1.5,19.0,1,2.9590682891823996,2.4849066497880004,6.0,2021,7,29,2018,12,1,2019,1,25,0.0
834,30,347,765,13.52,6,1,2.0,0,5,779418.0,2.0,2012.0,3.0,3.0,1,4.056988775678332,2.451005098112319,6.0,2021,5,31,2011,11,1,2012,4,26,0.0
835,61,348,766,3.88,3,2,1.0,0,5,779412.0,1.0,2019.0,2.0,7.0,1,2.989714201228428,2.580216829592325,6.0,2021,6,14,2019,3,1,2019,7,12,0.0
921,44,124,832,7.83,1,2,1.0,0,5,779416.0,2.0,2017.0,1.4,16.0,1,2.7713379403381286,2.169053700369523,6.0,2021,6,18,2017,3,1,2018,1,4,0.0
977,23,56,882,5.62,1,3,1.0,0,5,779419.0,2.0,2017.0,1.8,3.0,1,2.7713379403381286,2.2027647577118348,6.0,2021,5,7,2017,7,1,2017,9,1,0.0
1023,3,133,167,5.61,1,1,1.0,0,5,779416.0,2.0,2017.0,1.5,3.0,1,3.0096351787229825,2.4336133554004498,6.0,2021,7,1,2017,11,1,2017,12,22,0.0
1046,12,99,934,1.96,2,3,4.0,0,5,779415.0,2.0,2020.0,1.5,11.0,1,2.7073833121145063,2.545531271604435,6.0,2021,7,11,2020,9,1,2020,9,14,0.0
1441,9,183,1229,8.34,1,2,1.0,0,5,779413.0,1.0,2014.0,1.5,12.0,1,2.431857428698185,1.33500106673234,6.0,2021,7,9,2014,10,1,2014,11,13,0.0
1521,3,434,1285,2.16,4,1,1.0,0,5,779416.0,2.0,2018.0,1.5,9.0,1,2.449279472144849,1.9344157696295783,6.0,2021,6,15,2017,11,1,2017,12,8,0.0
1825,5,159,782,4.05,1,20,1.0,0,5,779416.0,2.0,2017.0,1.5,3.0,1,2.6166656393003573,1.9878743481543455,6.0,2021,1,12,2017,1,1,2017,3,15,0.0
2040,2,363,1439,0.93,2,1,1.0,1,5,779415.0,2.0,2018.0,2.0,30.0,1,2.8081971497071487,2.681021528714291,6.0,2021,6,12,2019,1,1,2019,3,6,0.0
2127,8,135,171,5.07,1,7,2.0,0,5,779412.0,2.0,2016.0,1.6,9.0,1,2.432735777459091,2.0255131996542803,6.0,2021,1,28,2016,4,1,2016,5,20,0.0
2505,13,507,1497,3.83,5,1,1.0,0,7,779416.0,2.0,2018.0,1.3,3.0,1,2.771963526845863,2.302585092994046,6.0,2021,3,21,2018,10,1,2019,7,1,0.0
3476,5,67,1664,3.57,1,7,1.0,0,5,779416.0,2.0,2017.0,1.5,19.0,1,3.043569602968151,2.5556757206762075,6.0,2021,2,3,2016,8,1,2017,12,29,0.0
3753,8,14,1708,4.52,5,7,1.0,0,5,779412.0,2.0,2015.0,1.4,16.0,1,2.837908188360424,2.194999882314108,6.0,2021,6,22,2015,6,1,2015,9,25,0.0
3880,11,186,1726,3.37,1,1,2.0,1,5,779412.0,2.0,2014.0,1.4,31.0,1,3.2534704696327,2.468099531471619,6.0,2020,7,4,2014,11,1,2015,1,26,0.0
4074,23,68,450,13.1,4,4,3.0,4,5,779419.0,2.0,2011.0,1.6,6.0,5,2.3960754360813845,1.2178757094949273,6.0,2021,1,19,2012,9,1,2012,10,12,0.0
4196,20,572,1779,1.51,2,19,1.0,0,7,779412.0,2.0,2018.0,2.0,15.0,1,3.560477739309412,3.3870984572826535,6.0,2020,7,4,2018,3,1,2018,4,26,1.0
4380,89,465,1811,5.07,1,1,2.0,1,5,779414.0,3.0,2013.0,2.5,5.0,1,3.3631493140246254,2.2192034840549946,6.0,2020,3,22,2013,1,1,2013,5,13,0.0
4535,34,588,1847,14.87,5,14,3.0,0,5,779413.0,1.0,2010.0,1.8,5.0,1,2.3960754360813845,1.0577902941478545,6.0,2020,7,2,2009,12,1,2010,1,12,0.0
4732,8,83,102,6.61,1,18,1.0,1,5,779412.0,2.0,2018.0,1.8,31.0,1,3.327909585892323,2.9590682891823996,6.0,2020,9,20,2017,12,1,2018,1,29,0.0
4816,97,605,1905,3.07,2,1,2.0,0,2,779417.0,3.0,2010.0,5.2,28.0,1,5.855071922202427,4.787491742782046,6.0,2021,4,19,2011,10,1,2013,5,3,2.0
5195,12,92,863,8.56,6,17,1.0,0,5,779415.0,2.0,2015.0,2.0,11.0,1,2.9433857931817817,2.468099531471619,6.0,2021,5,11,2015,12,1,2016,3,23,0.0
5202,12,92,863,2.13,1,1,1.0,0,5,779415.0,2.0,2015.0,2.0,11.0,1,2.9433857931817817,2.6026896854443837,6.0,2021,1,14,2015,12,1,2016,3,10,0.0
5280,18,243,1984,13.34,1,9,2.0,1,5,779412.0,3.0,2013.0,3.0,13.0,1,4.511957804265912,3.1986731175506815,6.0,2021,1,29,2012,10,1,2013,2,19,0.0
5317,20,118,1987,5.53,5,5,1.0,0,5,779412.0,2.0,2017.0,2.0,19.0,1,3.817712325956905,3.427514689979529,6.0,2021,5,2,2017,3,1,2017,6,9,1.0
5437,88,627,2003,6.7,2,52,3.0,1,5,779413.0,1.0,2011.0,1.5,6.0,1,1.7732559976634952,0.37156355643248307,6.0,2020,4,26,2012,4,1,2012,5,28,0.0
5567,18,33,2015,0.99,6,17,4.0,0,5,779412.0,2.0,2020.0,2.0,13.0,1,3.508256453955563,3.455685566946225,6.0,2020,8,28,2019,11,1,2020,1,20,1.0
5844,8,101,1284,11.03,2,7,2.0,1,5,779412.0,2.0,2012.0,1.8,31.0,1,3.264995760481754,2.263844264677615,6.0,2020,11,12,2012,5,1,2012,10,15,0.0
5943,18,33,654,8.36,5,13,2.0,2,5,779412.0,2.0,2014.0,2.0,13.0,1,3.607669398688393,2.7536607123542622,6.0,2020,5,28,2013,10,1,2013,12,11,0.0
6074,18,33,654,8.54,1,1,1.0,1,5,779412.0,2.0,2014.0,2.0,13.0,1,3.607669398688393,2.8213788864092133,6.0,2021,6,24,2014,7,1,2014,9,4,0.0
6208,45,530,2133,8.91,1,7,1.0,0,5,779415.0,3.0,2014.0,1.8,25.0,2,3.417726683613366,2.7960610784249234,6.0,2021,2,19,2016,8,1,2016,11,3,0.0
6558,33,119,2166,9.03,1,7,2.0,1,5,779414.0,2.0,2013.0,1.6,17.0,1,2.532902848056256,1.5686159179138452,6.0,2020,12,15,2013,7,1,2013,8,28,0.0
6793,25,41,2215,0.65,1,5,1.0,0,5,779412.0,2.0,2018.0,1.5,3.0,1,2.739548868161581,2.302585092994046,6.0,2020,10,23,2018,4,1,2018,5,17,0.0
6939,54,672,2247,11.13,4,9,3.0,0,5,779415.0,2.0,2006.0,1.6,6.0,1,2.2491843162669305,0.5187937934151675,6.0,2021,7,4,2006,6,1,2006,7,24,0.0
7473,22,29,2349,5.19,4,4,1.0,0,5,779412.0,2.0,2018.0,1.5,31.0,1,2.658859956911438,2.217027204632399,6.0,2020,6,16,2018,3,1,2018,4,24,0.0
7478,12,53,2352,0.09,2,5,4.0,0,5,779412.0,2.0,2021.0,1.5,11.0,1,3.2573270112424533,3.169685580677429,6.0,2021,1,19,2020,6,1,2020,7,29,0.0
8600,42,714,2563,15.54,4,3,2.0,1,4,779412.0,3.0,2013.0,3.6,31.0,1,4.798266815950004,3.7837327113632298,6.0,2020,9,3,2012,10,1,2013,4,17,1.0
8742,3,261,440,8.52,1,1,2.0,1,5,779416.0,3.0,2013.0,1.6,3.0,1,3.125882958019036,2.151762203259462,6.0,2020,5,22,2013,12,1,2014,1,23,0.0
8784,30,640,2602,0.89,2,28,4.0,0,7,779412.0,2.0,2019.0,2.0,13.0,1,4.343675543289958,4.056988775678332,6.0,2020,9,4,2019,8,1,2020,1,15,2.0
8892,3,133,2598,10.46,1,15,1.0,0,5,779416.0,2.0,2013.0,1.5,3.0,1,2.9433857931817817,2.191653532286764,6.0,2020,3,18,2014,9,1,2014,11,11,0.0
8922,2,187,2615,2.09,1,1,1.0,0,5,779415.0,2.0,2016.0,2.5,3.0,1,3.2180755046974316,3.0204248861443626,6.0,2020,3,23,2019,1,1,2019,4,28,0.0
9112,8,83,2655,4.87,1,1,1.0,0,5,779412.0,2.0,2015.0,2.0,32.0,1,3.4461707473048864,2.8213788864092133,6.0,2020,8,9,2015,5,1,2015,6,16,0.0
9311,20,127,814,2.27,2,1,1.0,0,5,779412.0,2.0,2018.0,2.0,19.0,1,3.474447843401748,3.2573270112424533,6.0,2021,3,9,2018,3,1,2018,8,7,0.0
9844,3,276,472,4.74,2,1,1.0,1,4,779416.0,3.0,2017.0,2.3,3.0,1,3.7057365711803594,3.2771447329921766,6.0,2020,12,10,2016,10,1,2017,1,13,1.0
10098,12,92,196,2.2,1,1,4.0,0,5,779412.0,2.0,2018.0,1.5,11.0,1,2.9947317732204075,2.9433857931817817,6.0,2020,11,8,2019,11,1,2020,1,3,0.0
10295,18,175,2810,12.1,6,13,2.0,0,5,779412.0,2.0,2014.0,2.0,13.0,1,3.8640924716705958,3.202746442938317,6.0,2020,5,25,2015,7,1,2015,10,23,0.0
10554,18,132,2836,14.55,2,14,2.0,1,4,779412.0,3.0,2011.0,3.0,13.0,1,4.66814498514948,3.202746442938317,6.0,2020,12,24,2012,3,1,2012,6,29,0.0
10559,18,132,2836,15.13,5,3,2.0,1,4,779412.0,3.0,2011.0,3.0,13.0,1,4.66814498514948,3.177220149599368,6.0,2020,4,6,2011,5,1,2011,10,21,0.0
10566,18,132,2836,14.89,2,14,2.0,1,4,779412.0,3.0,2011.0,3.0,13.0,1,4.66814498514948,3.164630810015805,6.0,2021,5,14,2012,3,1,2012,6,29,0.0
10775,2,134,2877,4.49,8,1,1.0,1,5,779412.0,2.0,2019.0,1.8,25.0,2,2.7265447837383743,2.5877640352277083,6.0,2020,12,1,2019,7,1,2019,9,9,0.0
10877,8,16,514,3.94,1,14,1.0,0,5,779412.0,2.0,2016.0,1.6,3.0,1,2.6518325211039815,2.1162555148025524,6.0,2020,8,8,2017,6,1,2017,11,27,0.0
11067,5,5,2937,5.94,5,35,1.0,1,5,779416.0,2.0,2013.0,1.5,6.0,1,2.4501426573516603,1.3296975542551008,6.0,2020,11,20,2013,5,1,2013,5,21,0.0
11520,55,686,3029,3.66,3,30,4.0,1,5,779412.0,2.0,2018.0,2.0,2.0,1,3.585738695194423,3.1867657709499673,6.0,2020,10,30,2018,12,1,2019,7,19,0.0
11601,11,15,3051,0.71,2,1,4.0,0,5,779412.0,2.0,2020.0,2.0,7.0,1,3.945070859474346,3.7607348912143643,6.0,2021,6,15,2019,11,1,2020,5,19,1.0
11796,5,90,875,9.34,4,1,1.0,0,5,779416.0,2.0,2016.0,2.0,3.0,1,3.4333418349887226,2.8213788864092133,6.0,2021,3,18,2016,5,1,2016,10,11,0.0
12000,3,137,3122,7.33,1,4,2.0,0,5,779416.0,2.0,2012.0,2.0,32.0,1,2.8898160479624417,1.9572739077056285,6.0,2020,6,15,2014,8,1,2014,10,28,0.0
12163,8,185,3139,6.3,1,7,1.0,0,7,779412.0,3.0,2018.0,2.0,23.0,1,3.3386125064705343,2.9381031607173544,6.0,2021,4,10,2017,12,1,2018,7,31,0.0
12206,8,208,3136,5.04,6,1,1.0,1,5,779412.0,2.0,2017.0,1.4,16.0,1,2.8673305587494666,2.423031246069913,6.0,2021,3,7,2017,8,1,2017,11,21,0.0
12358,90,641,3186,12.97,5,1,1.0,0,7,779413.0,1.0,2016.0,2.0,3.0,1,2.8553201198372458,2.1838015570040787,6.0,2020,12,19,2016,2,1,2016,11,18,0.0
12436,20,160,3191,9.19,1,1,1.0,1,4,779412.0,3.0,2013.0,1.8,15.0,1,3.632309102625542,2.8213788864092133,6.0,2020,8,2,2015,2,1,2015,5,20,0.0
12479,8,108,3202,1.42,1,22,1.0,1,5,779412.0,2.0,2019.0,1.4,32.0,1,3.1432898379116057,2.9381031607173544,6.0,2020,8,27,2019,4,1,2019,5,27,0.0
12594,12,259,432,1.07,1,9,1.0,1,5,779415.0,1.0,2017.0,1.5,11.0,1,2.6864860231863696,2.4423470353692043,6.0,2020,11,27,2018,7,1,2018,9,20,0.0
12753,20,176,3250,9.05,1,12,2.0,1,4,779412.0,3.0,2011.0,1.8,15.0,1,4.139955073474153,2.883682769745368,6.0,2020,9,3,2012,2,1,2012,5,23,0.0
12763,8,219,603,9.08,5,4,2.0,0,5,779412.0,2.0,2011.0,1.6,6.0,1,2.5079719227189963,1.355835153635182,6.0,2020,9,12,2012,9,1,2012,10,15,0.0
12945,20,228,353,2.92,5,4,1.0,1,7,779412.0,2.0,2017.0,2.0,15.0,1,3.901972669574645,3.632309102625542,6.0,2020,5,23,2017,4,1,2017,9,12,1.0
12971,17,480,3294,12.71,1,19,1.0,0,5,779412.0,2.0,2015.0,1.5,32.0,2,3.090132948975475,1.7578579175523736,6.0,2021,1,9,2015,7,1,2015,10,15,0.0
13190,11,186,3327,4.52,1,19,1.0,0,5,779412.0,2.0,2017.0,1.4,16.0,1,3.2128577525426376,2.6946271807700692,6.0,2021,6,6,2017,6,1,2017,9,6,0.0
13243,5,375,3342,4.71,6,1,2.0,0,7,779416.0,3.0,2014.0,3.6,3.0,1,3.949318790171843,3.0243197304059035,6.0,2020,11,7,2014,4,1,2015,1,23,0.0
13455,18,191,3357,0.57,1,14,4.0,0,5,779412.0,2.0,2020.0,2.0,13.0,1,3.905803705614229,3.8497198506631545,6.0,2020,9,2,2020,2,1,2020,7,9,1.0
13516,36,811,3364,8.52,5,9,2.0,1,5,779413.0,1.0,2006.0,1.0,6.0,1,1.5644405465033644,0.33647223662121295,6.0,2021,7,4,2008,8,1,2009,3,23,0.0
13733,20,127,3416,11.89,4,7,2.0,0,5,779412.0,2.0,2010.0,1.8,21.0,1,3.7013019741124933,2.312535423847214,6.0,2020,9,17,2010,12,1,2011,1,27,0.0
13787,16,487,3406,6.28,1,18,1.0,1,5,779415.0,2.0,2017.0,1.5,3.0,1,2.7073833121145063,2.2512917986064953,6.0,2021,1,7,2017,9,1,2017,10,24,0.0
14033,11,831,3448,2.46,5,1,2.0,0,2,779412.0,3.0,2007.0,4.2,28.0,1,5.483966713434666,4.23410650459726,6.0,2020,4,17,2007,10,1,2008,3,19,2.0
14231,8,171,3471,6.4,2,15,2.0,0,5,779412.0,2.0,2013.0,1.6,9.0,1,2.5160822672564502,1.7227665977411035,6.0,2020,4,3,2013,3,1,2013,4,7,0.0
15121,2,427,3602,12.81,9,10,2.0,0,7,779415.0,3.0,2010.0,2.7,4.0,1,3.929862923556477,3.1780538303479458,6.0,2021,2,25,2010,3,1,2010,5,17,0.0
15202,20,95,3599,9.05,1,1,1.0,1,5,779412.0,2.0,2016.0,2.0,19.0,1,3.881151341761059,3.490428515390098,6.0,2020,8,11,2016,8,1,2016,9,22,1.0
15419,18,510,3639,1.43,2,1,4.0,1,4,779412.0,3.0,2019.0,3.0,13.0,1,4.794136285500715,4.564348191467836,6.0,2021,6,11,2019,7,1,2019,10,21,2.0
15920,69,724,3722,9.95,1,4,2.0,0,5,779413.0,1.0,2015.0,1.5,11.0,1,2.196112848483529,1.355835153635182,6.0,2020,7,7,2015,7,1,2015,10,15,0.0
16116,11,238,3729,9.66,2,1,1.0,0,5,779412.0,2.0,2018.0,2.0,13.0,1,3.7697679578472747,3.295836866004329,6.0,2021,1,11,2018,4,1,2018,6,7,1.0
16301,12,53,3766,10.61,2,1,2.0,1,5,779415.0,2.0,2013.0,2.4,22.0,1,3.2180755046974316,2.5649493574615367,6.0,2020,5,1,2013,3,1,2013,5,22,0.0
16486,12,342,3788,0.53,1,5,4.0,0,5,779415.0,2.0,2019.0,1.0,11.0,1,2.5862591440482876,2.300583090323373,6.0,2021,1,13,2020,6,1,2020,6,12,0.0
16535,2,10,3811,10.18,1,14,3.0,1,5,779415.0,2.0,2008.0,1.6,4.0,1,2.4672517145492794,1.355835153635182,6.0,2021,6,8,2008,5,1,2008,11,28,0.0
16839,20,127,3869,6.8,2,1,1.0,1,5,779412.0,2.0,2017.0,2.0,15.0,1,3.4806245152934774,3.1570004211501135,6.0,2021,1,13,2017,1,1,2017,3,6,0.0
17230,8,14,3937,1.9,1,35,4.0,1,5,779412.0,2.0,2019.0,1.2,31.0,1,2.771963526845863,2.4915511925066687,6.0,2020,11,23,2019,7,1,2019,9,26,0.0
17521,5,31,3974,6.78,8,18,1.0,0,7,779416.0,2.0,2017.0,2.0,3.0,1,3.4008639927609177,3.1917101567954314,6.0,2020,6,14,2017,4,1,2017,9,18,0.0
17548,45,873,3963,7.86,2,20,1.0,1,5,779415.0,3.0,2018.0,3.5,36.0,2,4.483002552013883,4.1666652238017265,6.0,2021,7,9,2018,9,1,2018,12,29,2.0
17762,41,106,4010,7.8,1,7,2.0,0,2,779412.0,3.0,2012.0,1.0,1.0,1,2.624668592163159,1.6054298910365616,6.0,2021,5,13,2012,6,1,2012,11,27,0.0
17917,18,33,4064,11.47,1,5,2.0,2,5,779412.0,2.0,2014.0,2.0,13.0,1,3.563882963939251,2.7650604558189897,6.0,2020,7,1,2014,4,1,2014,6,12,0.0
18016,66,256,4069,6.48,5,1,1.0,0,5,779416.0,2.0,2016.0,2.0,3.0,1,3.737431494696102,2.833213344056216,6.0,2021,3,20,2016,6,1,2016,11,24,0.0
18036,9,89,4076,11.23,5,4,3.0,2,5,779413.0,1.0,2010.0,2.5,6.0,3,2.474856313934499,1.091923300517313,6.0,2020,10,6,2010,8,1,2010,9,21,0.0
18269,3,133,1298,7.09,1,4,2.0,0,5,779416.0,2.0,2013.0,1.5,3.0,1,2.9947317732204075,2.2700619012884857,6.0,2020,9,14,2014,7,1,2014,7,14,0.0
18298,3,133,1298,10.44,6,4,2.0,1,5,779416.0,2.0,2013.0,1.5,3.0,1,2.9947317732204075,2.2278615467981093,6.0,2021,1,15,2016,2,1,2016,3,29,0.0
18570,20,459,4179,6.12,2,4,1.0,0,5,779412.0,3.0,2015.0,3.0,15.0,1,4.528289141652134,3.746676552840153,6.0,2020,11,16,2015,2,1,2015,6,9,1.0
18742,23,198,292,3.95,1,17,1.0,0,5,779419.0,2.0,2015.0,1.6,31.0,1,3.019448800171307,2.424802725718295,6.0,2020,1,1,2016,3,1,2016,7,11,0.0
19351,20,127,1015,8.09,5,19,2.0,1,5,779412.0,2.0,2013.0,1.8,15.0,1,3.6838669122903918,2.474856313934499,6.0,2021,6,12,2012,10,1,2013,1,15,0.0
19379,3,137,4304,5.65,6,7,2.0,3,5,779416.0,2.0,2015.0,1.6,32.0,1,2.6864860231863696,2.0149030205422647,6.0,2020,6,24,2015,6,1,2016,1,25,0.0
19451,36,676,4340,11.83,5,9,2.0,1,5,779413.0,1.0,2009.0,1.5,6.0,1,1.9139771019523042,0.6312717768418579,6.0,2021,7,30,2010,5,1,2010,5,12,0.0
20287,13,310,4478,10.6,2,14,2.0,0,5,779416.0,2.0,2014.0,2.4,3.0,1,2.9439125248241944,1.9286186519452522,6.0,2020,1,16,2013,8,1,2013,12,25,0.0
20338,12,21,4486,1.2,1,3,1.0,0,5,779412.0,2.0,2018.0,1.5,11.0,1,2.217027204632399,2.0980179272527715,6.0,2020,8,9,2018,9,1,2018,9,29,0.0
20652,28,78,4543,2.27,1,4,1.0,0,5,779419.0,2.0,2017.0,1.6,3.0,1,2.5556757206762075,2.1377104498038118,6.0,2020,9,13,2017,9,1,2018,2,8,0.0
20751,8,14,4555,7.48,1,7,1.0,2,5,779412.0,2.0,2016.0,2.0,32.0,1,3.130263166511597,2.6518325211039815,6.0,2020,8,11,2016,4,1,2017,3,7,0.0
20755,16,487,4556,1.43,1,19,1.0,0,5,779415.0,2.0,2017.0,2.0,3.0,1,2.771963526845863,2.388762789235098,6.0,2021,5,27,2018,11,1,2018,12,12,0.0
20772,11,238,4559,2.63,1,7,1.0,1,5,779412.0,2.0,2017.0,2.0,13.0,1,3.7125959807312525,3.3456846717318967,6.0,2020,7,9,2018,2,1,2018,3,6,1.0
20804,47,150,197,10.61,5,15,2.0,0,5,779414.0,2.0,2011.0,1.6,17.0,1,2.5556757206762075,1.275362800412609,6.0,2020,6,6,2011,8,1,2011,9,2,0.0
20934,27,220,4573,5.49,1,1,1.0,0,5,779411.0,2.0,2017.0,2.0,19.0,1,3.632309102625542,3.0349529867072724,6.0,2021,5,8,2017,9,1,2017,11,9,0.0
20965,51,173,4600,2.68,1,14,1.0,0,7,779412.0,2.0,2016.0,1.6,6.0,1,2.2700619012884857,1.6253112615903906,6.0,2020,8,8,2017,7,1,2017,12,14,0.0
21066,20,118,4618,9.94,2,7,1.0,0,5,779412.0,2.0,2018.0,2.0,19.0,1,3.9160150266976834,3.520460802488973,6.0,2020,12,21,2017,9,1,2017,12,1,1.0
21620,18,136,4730,10.45,1,14,2.0,0,5,779412.0,2.0,2012.0,2.0,3.0,1,3.493472657771326,2.3869262414277967,6.0,2020,12,24,2012,5,1,2012,6,20,0.0
21972,3,140,973,5.05,1,7,1.0,1,5,779416.0,2.0,2015.0,1.5,3.0,1,2.563409711275944,1.7884205679625405,6.0,2021,4,21,2015,6,1,2015,7,21,0.0
22059,18,33,4803,4.91,7,17,1.0,0,5,779412.0,2.0,2015.0,2.0,13.0,1,3.520460802488973,2.917770732084279,6.0,2021,1,9,2015,5,1,2015,11,5,0.0
22286,12,399,952,2.36,1,19,1.0,0,5,779415.0,2.0,2019.0,2.0,25.0,2,3.0717669598299886,2.8678989020441064,6.0,2021,1,22,2019,5,1,2019,8,21,0.0
22325,8,11,4846,7.19,2,7,2.0,0,5,779412.0,2.0,2011.0,1.8,31.0,1,3.130263166511597,2.2617630984737906,6.0,2020,10,28,2012,10,1,2013,2,21,0.0
22489,25,305,887,2.49,3,23,2.0,0,5,779413.0,1.0,2017.0,1.5,3.0,1,2.4239173781615704,2.0476928433652555,6.0,2020,7,28,2017,9,1,2017,9,18,0.0
22676,76,858,4893,4.84,1,4,1.0,0,7,779413.0,1.0,2018.0,1.5,12.0,1,2.0255131996542803,1.7715567619105355,6.0,2021,4,16,2018,2,1,2018,2,27,0.0
22795,8,219,4911,1.86,4,4,3.0,0,5,779412.0,2.0,2011.0,1.6,3.0,1,2.7459880404426023,1.791759469228055,6.0,2020,5,23,2011,12,1,2012,2,3,0.0
22904,25,699,4929,0.08,2,15,1.0,1,5,779412.0,2.0,2016.0,1.8,3.0,1,2.866761892257031,2.0918640616783932,6.0,2020,2,29,2017,4,1,2017,7,7,0.0
23237,12,71,336,12.25,5,5,3.0,2,5,779415.0,2.0,2006.0,1.8,22.0,1,2.8201877010390604,1.5432981099295553,6.0,2020,5,22,2008,3,1,2008,5,28,0.0
23275,7,113,1227,4.46,2,23,2.0,0,5,779415.0,2.0,2012.0,1.6,6.0,1,2.3960754360813845,1.7884205679625405,6.0,2020,8,12,2016,1,1,2016,2,2,0.0
23838,20,127,763,11.27,5,15,1.0,0,5,779412.0,2.0,2017.0,2.0,15.0,1,3.5940191730899764,3.2108436531709366,6.0,2020,6,19,2017,2,1,2017,3,14,0.0
24374,8,298,5116,6.99,5,17,2.0,0,4,779412.0,3.0,2013.0,1.4,31.0,1,3.1730412885244013,2.414126467726953,6.0,2020,2,1,2013,1,1,2013,4,9,0.0
24496,13,310,5149,7.21,1,20,1.0,0,7,779416.0,2.0,2017.0,2.4,3.0,1,3.09058780456667,2.302585092994046,6.0,2020,9,27,2017,1,1,2017,12,21,0.0
24832,18,175,306,12.84,1,15,1.0,0,5,779412.0,2.0,2014.0,2.0,13.0,1,3.931041011263908,3.292126286607793,6.0,2021,6,21,2016,3,1,2016,5,10,1.0
25017,23,594,5204,7.94,4,5,2.0,2,4,779412.0,2.0,2010.0,2.0,21.0,1,2.7067159780890733,2.217027204632399,6.0,2020,7,18,2011,6,1,2011,9,1,0.0
25104,8,298,5224,6.22,4,7,1.0,0,4,779412.0,3.0,2014.0,1.2,16.0,1,3.044522437723423,2.474856313934499,6.0,2021,3,19,2014,5,1,2014,10,24,0.0
25192,17,843,5246,2.24,4,19,1.0,0,5,779412.0,2.0,2017.0,1.5,32.0,2,3.2422016501716975,2.379546134130174,6.0,2020,8,18,2017,11,1,2018,6,8,0.0
25277,20,572,5260,4.21,2,1,1.0,0,9,779412.0,2.0,2013.0,3.0,21.0,1,3.634951112088381,2.970414465569701,6.0,2020,12,2,2015,12,1,2016,10,17,0.0
25796,33,119,5343,10.46,1,15,2.0,1,5,779414.0,2.0,2017.0,1.6,17.0,1,2.516889695641051,1.4539530095937052,6.0,2021,7,19,2012,11,1,2013,1,29,0.0
26272,5,31,5415,5.01,6,1,1.0,1,7,779416.0,2.0,2017.0,2.5,3.0,1,3.177637076851603,2.9444389791664403,6.0,2020,4,18,2017,6,1,2017,6,22,0.0
26397,20,372,5449,1.66,2,1,1.0,0,5,779412.0,3.0,2019.0,1.6,7.0,1,3.3527071725017215,3.2180755046974316,6.0,2021,1,23,2018,9,1,2019,1,15,0.0
26488,13,978,5465,10.62,7,20,2.0,1,4,779416.0,3.0,2011.0,3.6,3.0,1,3.841171264456195,2.9391619220655967,6.0,2020,10,17,2011,5,1,2013,3,5,0.0
26590,20,255,5474,6.51,1,1,2.0,1,6,779412.0,3.0,2011.0,3.5,15.0,1,4.39197696552705,3.484312288372662,6.0,2020,4,22,2014,1,1,2014,4,18,1.0
26668,8,462,5490,11.31,5,14,3.0,1,5,779412.0,2.0,2006.0,1.6,6.0,1,2.578700529074361,0.5765571829505702,6.0,2021,7,19,2006,8,1,2006,11,29,0.0
26711,66,610,5499,5.72,2,20,1.0,2,5,779416.0,2.0,2017.0,2.0,13.0,1,3.911822985425479,3.269568939183719,6.0,2021,4,11,2017,12,1,2018,1,26,1.0
26770,7,113,1058,3.65,5,4,1.0,0,5,779415.0,2.0,2018.0,1.6,11.0,1,2.6932749155200555,2.2700619012884857,6.0,2021,5,12,2018,3,1,2018,4,17,0.0
26796,7,113,1058,1.58,2,20,1.0,1,5,779415.0,2.0,2018.0,1.6,11.0,1,2.6932749155200555,2.2823823856765264,6.0,2020,10,6,2018,5,1,2018,7,2,0.0
26859,11,359,5520,1.26,2,1,1.0,0,5,779412.0,3.0,2019.0,3.0,13.0,1,4.656623467577007,4.448516375942715,6.0,2021,4,13,2019,9,1,2020,7,15,2.0
27115,15,682,5575,3.33,1,14,1.0,0,5,779412.0,2.0,2017.0,1.5,27.0,2,3.1346242724206097,2.238579763018133,6.0,2020,10,10,2018,4,1,2018,6,8,0.0
27216,16,982,5605,0.78,4,1,1.0,0,2,779412.0,2.0,2018.0,2.0,3.0,1,3.5553480614894135,3.449987545831587,6.0,2020,6,1,2018,2,1,2018,5,17,1.0
27385,2,130,5602,5.24,5,55,2.0,0,5,779415.0,2.0,2013.0,1.6,4.0,1,2.474856313934499,1.8991179875485542,6.0,2020,4,27,2014,6,1,2014,8,6,0.0
27429,6,190,5626,5.04,1,30,1.0,0,5,779413.0,1.0,2016.0,1.8,3.0,1,2.6232182655855123,2.1258479144939915,6.0,2020,11,13,2017,6,1,2017,8,4,0.0
27856,2,363,5701,1.87,1,4,1.0,0,5,779415.0,2.0,2018.0,2.0,30.0,1,2.866761892257031,2.5494451709255714,6.0,2021,6,28,2019,8,1,2019,9,3,0.0
27992,2,230,5729,20.4,1,5,3.0,1,5,779415.0,2.0,2007.0,2.5,3.0,1,3.520460802488973,2.2823823856765264,6.0,2020,4,17,2008,1,1,2008,2,15,0.0
28154,121,991,5755,2.36,1,7,1.0,0,5,779412.0,2.0,2017.0,2.5,21.0,3,3.1875915348284343,2.7523860149222616,6.0,2020,12,18,2017,9,1,2017,12,1,0.0
28774,8,14,5866,9.78,5,1,1.0,0,5,779412.0,2.0,2014.0,1.4,31.0,1,2.8437459165561094,2.163323025660538,6.0,2020,10,26,2014,11,1,2015,1,8,0.0
28827,20,179,5874,12.9,2,7,2.0,1,5,779412.0,3.0,2010.0,5.5,21.0,1,5.563753830052498,3.6506582412937387,6.0,2020,12,28,2011,1,1,2011,11,29,1.0
29351,11,359,5954,1.99,5,19,1.0,0,5,779412.0,2.0,2018.0,3.0,13.0,1,4.662306377358901,4.242764567340374,6.0,2020,7,3,2018,7,1,2018,11,15,2.0
29832,71,284,6004,1.81,5,1,4.0,0,5,779413.0,1.0,2019.0,1.5,7.0,1,2.7713379403381286,2.5257286443082556,6.0,2021,5,26,2019,6,1,2019,7,5,0.0
29978,13,18,58,7.17,1,19,2.0,0,5,779416.0,2.0,2013.0,1.6,3.0,1,2.673458756332591,1.7578579175523736,6.0,2020,6,20,2014,3,1,2014,4,28,0.0
30013,15,458,6040,8.79,1,18,1.0,0,5,779413.0,1.0,2014.0,1.6,6.0,1,2.0769384114617173,1.3609765531356006,6.0,2021,4,28,2015,2,1,2015,5,21,0.0
30072,8,135,790,2.55,1,14,1.0,0,5,779412.0,2.0,2016.0,1.4,9.0,1,2.281361456542419,1.9712993830601329,6.0,2020,11,25,2017,4,1,2017,8,1,0.0
30125,3,261,6057,6.79,6,14,1.0,0,5,779416.0,3.0,2017.0,1.5,3.0,1,2.969388298214389,2.3398808777377424,6.0,2020,10,9,2016,8,1,2017,2,15,0.0
30151,12,92,263,6.03,2,1,1.0,0,5,779415.0,2.0,2016.0,2.0,11.0,1,2.9947317732204075,2.760009940032921,6.0,2021,1,17,2016,8,1,2016,10,25,0.0
30167,12,92,263,8.02,2,7,1.0,1,5,779415.0,2.0,2016.0,2.0,11.0,1,2.9947317732204075,2.653241964607215,6.0,2021,2,19,2017,8,1,2017,8,24,0.0
30984,9,144,185,5.42,2,7,1.0,1,7,779413.0,1.0,2015.0,2.0,3.0,1,3.2573270112424533,2.615934912194404,6.0,2021,1,14,2015,1,1,2015,2,12,0.0
31188,5,31,6202,1.47,1,18,4.0,0,7,779416.0,2.0,2018.0,2.0,3.0,1,3.5260663637080247,3.461978853922014,6.0,2021,1,28,2019,11,1,2019,11,26,1.0
31614,16,290,6280,9.81,4,1,2.0,0,5,779415.0,2.0,2012.0,2.0,21.0,1,2.9433857931817817,1.8870696490323797,6.0,2020,10,11,2013,3,1,2013,3,29,0.0
32284,8,1027,6415,7.47,1,13,1.0,0,5,779412.0,2.0,2014.0,1.4,31.0,1,2.884241897520628,2.0769384114617173,6.0,2020,5,6,2014,9,1,2014,10,10,0.0
32320,8,14,6429,5.52,1,1,1.0,2,5,779412.0,2.0,2015.0,1.6,6.0,1,2.700018029404946,2.151762203259462,6.0,2020,2,23,2016,8,1,2016,9,6,0.0
32447,30,834,6466,11.37,2,17,2.0,0,5,779412.0,2.0,2012.0,2.0,32.0,1,3.6503984672956546,2.4849066497880004,6.0,2020,5,8,2012,2,1,2012,5,9,0.0
33479,18,510,6609,15.66,5,5,2.0,0,5,779412.0,3.0,2009.0,3.0,3.0,1,4.933034048072704,3.1937631240531252,6.0,2021,5,21,2011,12,1,2012,3,7,0.0
33490,18,510,6609,12.48,6,9,2.0,1,5,779412.0,3.0,2009.0,3.0,3.0,1,4.933034048072704,2.9856819377004897,6.0,2021,1,28,2008,12,1,2009,3,27,0.0
33532,15,174,6604,5.24,1,3,4.0,0,7,779413.0,1.0,2019.0,2.0,3.0,1,3.177220149599368,2.937043277205311,6.0,2021,5,17,2019,4,1,2019,5,17,0.0
33735,13,310,605,7.83,2,1,1.0,1,7,779416.0,2.0,2014.0,2.4,3.0,1,2.9801108926510342,2.0360119837525,6.0,2021,3,29,2014,1,1,2014,2,14,0.0
34455,118,1044,6745,4.65,4,1,1.0,1,4,779412.0,2.0,2012.0,6.3,31.0,1,6.276267478808919,5.19184512203752,6.0,2020,9,5,2012,3,1,2013,11,27,2.0
34653,20,179,6768,7.59,2,1,2.0,1,5,779412.0,3.0,2012.0,3.0,15.0,1,4.543294782270004,3.58351893845611,6.0,2020,1,15,2012,12,1,2013,7,11,1.0
34777,18,175,381,13.33,1,14,2.0,0,5,779412.0,2.0,2013.0,2.0,13.0,1,3.921180943212912,3.0577676644734435,6.0,2020,11,23,2013,3,1,2013,6,4,0.0
34826,18,175,381,7.61,6,30,2.0,0,5,779412.0,2.0,2013.0,2.0,13.0,1,3.921180943212912,3.169685580677429,6.0,2020,3,24,2013,3,1,2013,6,5,0.0
35143,20,228,6836,5.5,2,4,1.0,0,7,779412.0,2.0,2017.0,2.0,15.0,1,4.131961425793407,3.828641396489095,6.0,2020,7,8,2018,5,1,2019,1,9,1.0
35218,3,137,6853,5.23,1,7,1.0,0,5,779416.0,2.0,2013.0,1.8,17.0,1,2.5937610547000824,1.7227665977411035,6.0,2020,12,22,2014,9,1,2014,12,4,0.0
35673,18,136,6938,2.9,3,5,1.0,0,5,779412.0,2.0,2018.0,2.0,13.0,1,3.5745903077118086,3.164630810015805,6.0,2020,6,15,2018,7,1,2018,8,28,0.0
35764,18,33,221,8.53,1,4,2.0,1,5,779412.0,2.0,2011.0,2.0,3.0,1,3.56953269648137,2.2905125117597764,6.0,2020,9,13,2011,8,1,2011,9,21,0.0
36540,12,71,86,4.7,5,13,1.0,0,5,779415.0,2.0,2016.0,1.5,11.0,1,2.7073833121145063,2.5257286443082556,6.0,2020,6,30,2016,11,1,2017,1,5,0.0
36779,18,45,7087,9.54,2,7,2.0,0,5,779412.0,3.0,2012.0,3.0,13.0,1,4.214495163352562,3.2534704696327,6.0,2020,9,4,2012,8,1,2014,1,29,0.0
36866,68,271,7099,4.49,2,3,1.0,0,5,779412.0,2.0,2018.0,2.3,3.0,1,2.9433857931817817,2.7356653681351832,6.0,2020,7,7,2018,9,1,2018,11,13,0.0
36971,57,214,1087,6.47,5,13,2.0,1,7,779413.0,1.0,2013.0,1.6,6.0,1,2.1029138978649784,1.1568811967920856,6.0,2021,1,5,2013,1,1,2013,2,25,0.0
38052,6,20,406,1.46,3,14,1.0,0,5,779412.0,2.0,2018.0,1.4,32.0,1,2.4832385926873033,2.064327903869788,6.0,2020,1,11,2018,3,1,2018,7,9,0.0
38348,44,201,299,3.52,2,43,1.0,0,5,779416.0,2.0,2017.0,1.4,31.0,1,2.9433857931817817,2.5572273113676265,6.0,2020,9,24,2017,9,1,2017,10,16,0.0
39334,5,31,7486,14.15,3,1,2.0,3,7,779416.0,2.0,2011.0,2.4,3.0,1,3.520460802488973,2.533696813957432,6.0,2021,2,25,2011,10,1,2012,5,25,0.0
39874,8,8,7572,11.44,5,3,3.0,0,5,779412.0,2.0,2005.0,1.6,6.0,1,2.3589654264301534,0.5765571829505702,6.0,2021,7,15,2007,5,1,2007,8,6,0.0
39887,3,137,7578,15.41,4,15,2.0,0,5,779416.0,2.0,2012.0,1.8,6.0,1,2.5079719227189963,1.208960345836975,6.0,2020,7,11,2012,6,1,2012,7,20,0.0
39904,11,445,7577,3.08,2,1,4.0,0,7,779412.0,3.0,2019.0,2.0,13.0,1,4.288814252951703,3.9815490680767565,6.0,2021,6,5,2019,4,1,2019,10,8,2.0
40256,10,12,7659,10.66,3,10,2.0,1,5,779413.0,1.0,2012.0,1.0,6.0,1,1.6074359097634274,0.4700036292457356,6.0,2020,3,21,2012,1,1,2012,2,24,0.0
40312,8,14,7667,4.34,1,17,2.0,2,5,779412.0,2.0,2012.0,1.4,31.0,1,2.932792473780117,1.9459101490553132,6.0,2020,8,9,2012,10,1,2012,10,4,0.0
40530,8,32,553,4.37,2,13,1.0,0,7,779412.0,2.0,2017.0,2.0,31.0,1,3.6346872250305093,3.339321977944068,6.0,2020,6,29,2018,1,1,2018,2,8,1.0
40532,8,32,553,5.91,6,1,1.0,1,7,779412.0,2.0,2017.0,2.0,31.0,1,3.6346872250305093,3.292126286607793,6.0,2020,11,12,2017,3,1,2017,7,12,1.0
40603,27,379,7693,8.59,2,35,1.0,0,5,779411.0,3.0,2016.0,3.0,13.0,3,4.603168183317418,3.9852734671677386,6.0,2021,7,13,2015,7,1,2016,4,22,2.0
40721,18,175,279,10.81,6,7,2.0,2,5,779412.0,2.0,2013.0,2.0,13.0,1,3.781002742989742,2.866761892257031,6.0,2021,4,14,2013,5,1,2013,9,30,0.0
40996,8,400,7760,9.3,2,1,2.0,0,5,779412.0,2.0,2011.0,3.0,13.0,1,4.51085950651685,3.4005304926744517,6.0,2020,12,27,2013,10,1,2014,4,18,1.0
41367,5,31,7814,12.78,5,19,2.0,0,7,779416.0,2.0,2011.0,3.0,3.0,1,3.632309102625542,2.5556757206762075,6.0,2020,12,15,2011,8,1,2011,12,30,0.0
41374,18,629,7817,2.42,1,19,1.0,0,5,779412.0,3.0,2018.0,1.5,3.0,2,3.7057365711803594,3.1978564576441255,6.0,2021,5,17,2018,7,1,2018,10,24,0.0
41748,66,604,7892,12.7,1,1,2.0,0,5,779416.0,3.0,2008.0,3.6,3.0,1,3.824284091120139,2.0918640616783932,6.0,2021,4,30,2008,7,1,2008,11,5,0.0
41977,8,108,7917,3.25,2,1,1.0,0,5,779412.0,2.0,2018.0,2.0,7.0,1,3.2950958507796098,2.9652730660692823,6.0,2021,3,31,2018,3,1,2018,8,23,0.0
42693,46,513,8020,12.49,8,7,2.0,1,5,779412.0,2.0,2012.0,5.0,3.0,1,5.5443958891447425,3.5496173867804286,6.0,2020,2,21,2011,9,1,2012,1,11,1.0
42882,18,175,8053,10.77,1,67,2.0,5,5,779412.0,2.0,2013.0,2.0,13.0,1,4.046379057927225,2.8213788864092133,6.0,2020,6,5,2012,11,1,2013,3,25,0.0
43179,14,374,8092,2.02,1,1,1.0,1,5,779413.0,1.0,2018.0,1.8,21.0,1,2.8320361808832013,1.9286186519452522,6.0,2021,1,16,2018,7,1,2019,10,30,0.0
43227,30,143,8132,0.91,1,17,4.0,0,5,779418.0,2.0,2021.0,2.0,13.0,1,3.76096753050819,3.5496173867804286,6.0,2021,1,26,2020,7,1,2020,9,10,1.0
43322,22,178,8147,5.22,1,15,2.0,0,5,779413.0,1.0,2013.0,1.5,1.0,1,2.299580583973747,1.5040773967762742,6.0,2020,4,19,2013,10,1,2014,1,3,0.0
43433,23,156,968,8.11,1,14,2.0,0,5,779419.0,2.0,2010.0,1.4,6.0,1,2.1849270495258133,1.208960345836975,6.0,2020,11,3,2012,12,1,2013,1,16,0.0
43659,2,34,8191,4.32,2,62,1.0,0,7,779415.0,2.0,2015.0,2.0,3.0,1,3.4170707308184456,3.1730412885244013,6.0,2020,4,30,2015,11,1,2015,12,9,0.0
44087,23,68,8238,7.27,2,35,3.0,1,5,779419.0,2.0,2008.0,1.6,4.0,1,2.474856313934499,1.2178757094949273,6.0,2020,6,19,2009,9,1,2009,9,16,0.0
44634,5,1040,8320,4.08,5,19,1.0,0,5,779412.0,2.0,2017.0,1.5,25.0,2,3.3170908723651555,2.5862591440482876,6.0,2020,9,25,2017,11,1,2018,11,15,0.0
44694,8,16,8332,8.67,5,1,2.0,0,5,779412.0,2.0,2013.0,1.6,3.0,1,2.563409711275944,1.8531680973566984,6.0,2021,2,24,2013,2,1,2013,3,11,0.0
44765,5,159,516,2.78,1,19,1.0,0,5,779412.0,2.0,2018.0,1.3,3.0,1,2.6665335208992764,2.0541237336955462,6.0,2020,10,15,2017,12,1,2018,1,24,0.0
45015,8,108,8363,1.83,1,4,1.0,0,5,779412.0,2.0,2017.0,1.8,31.0,1,3.3562000157314196,2.9796028916241073,6.0,2020,4,8,2017,8,1,2018,2,23,0.0
45195,38,278,8409,20.91,5,24,3.0,1,5,779421.0,2.0,2007.0,2.0,3.0,1,2.7843937676895436,1.0647107369924282,6.0,2020,9,17,2007,9,1,2007,11,7,0.0
45475,44,181,8490,6.75,3,4,2.0,0,5,779416.0,3.0,2012.0,3.6,21.0,1,3.911822985425479,3.1986731175506815,6.0,2020,9,6,2012,6,1,2013,8,22,0.0
45511,8,11,1051,4.26,2,1,1.0,1,5,779412.0,2.0,2017.0,1.8,7.0,1,3.1480240838962494,2.7713379403381286,6.0,2021,7,12,2017,12,1,2018,1,10,0.0
45662,8,11,8484,3.38,2,9,1.0,1,5,779412.0,2.0,2015.0,1.8,16.0,1,3.2180755046974316,2.563409711275944,6.0,2021,6,8,2015,7,1,2015,11,4,0.0
45718,20,572,8514,9.22,2,7,2.0,1,9,779412.0,2.0,2010.0,2.5,21.0,1,3.5145260669691587,2.6741486494265287,6.0,2020,9,13,2012,9,1,2013,3,21,0.0
45813,16,487,8530,0.92,1,18,4.0,0,5,779415.0,2.0,2017.0,1.5,3.0,1,2.5945081597030812,2.451005098112319,6.0,2020,11,16,2019,7,1,2019,10,11,0.0
46108,8,8,8,9.38,1,12,2.0,1,5,779412.0,2.0,2010.0,1.6,6.0,1,2.149433913499871,1.1631508098056809,6.0,2020,12,8,2010,7,1,2010,8,12,0.0
46323,12,21,739,5.16,1,20,2.0,0,5,779415.0,2.0,2014.0,1.5,11.0,1,2.217027204632399,1.9430489167742813,6.0,2021,6,3,2015,1,1,2015,1,28,0.0
46392,12,21,739,7.08,3,17,2.0,5,5,779415.0,2.0,2014.0,1.5,11.0,1,2.217027204632399,1.7613002617433464,6.0,2020,7,15,2014,7,1,2014,8,28,0.0
46579,64,1123,8626,2.05,1,15,1.0,1,5,779413.0,1.0,2017.0,1.3,6.0,1,1.7884205679625405,1.4350845252893227,6.0,2020,3,13,2017,1,1,2017,11,28,0.0
46607,7,7,8633,2.75,1,3,1.0,0,5,779415.0,2.0,2016.0,2.0,20.0,1,2.7899373605743945,2.468099531471619,6.0,2020,7,26,2016,9,1,2016,12,5,0.0
47168,2,187,1012,15.29,2,1,2.0,1,5,779415.0,2.0,2009.0,2.4,4.0,1,3.2457124788217606,2.1041341542702074,6.0,2020,9,4,2010,8,1,2010,8,18,0.0
47226,20,95,8746,8.92,5,1,1.0,0,5,779412.0,2.0,2015.0,2.0,15.0,1,4.023564380161053,3.2771447329921766,6.0,2020,12,6,2015,5,1,2015,6,26,1.0
47526,5,90,8762,10.96,2,17,1.0,2,5,779416.0,2.0,2013.0,2.4,3.0,1,3.2805352052549286,2.2617630984737906,6.0,2021,6,12,2015,1,1,2015,3,20,0.0
47537,45,131,8771,4.04,1,1,2.0,1,5,779415.0,3.0,2014.0,2.5,25.0,2,3.711130063048756,3.169685580677429,6.0,2020,3,22,2014,11,1,2015,3,30,0.0
48506,3,137,8933,2.86,1,22,1.0,0,5,779416.0,2.0,2017.0,1.6,32.0,1,2.700018029404946,2.1972245773362196,6.0,2020,4,5,2017,8,1,2018,2,13,0.0
48543,3,137,8927,8.38,7,15,2.0,0,5,779416.0,2.0,2013.0,1.8,6.0,1,2.3960754360813845,1.449269160281279,6.0,2020,10,23,2013,9,1,2014,1,25,0.0
48849,2,427,8983,32.62,1,24,3.0,2,8,779415.0,3.0,2004.0,2.7,4.0,1,3.742420221041966,2.72785282839839,6.0,2020,8,8,2006,6,1,2006,9,22,0.0
49063,72,952,9001,2.12,1,1,1.0,0,5,779412.0,2.0,2018.0,1.6,12.0,1,2.615934912194404,2.1041341542702074,6.0,2020,11,14,2018,4,1,2019,6,4,0.0
49295,61,356,9034,0.02,2,43,4.0,0,5,779412.0,2.0,2021.0,2.0,31.0,1,2.8449093838194073,2.8213788864092133,6.0,2020,9,12,2020,6,1,2020,6,30,0.0
49514,54,360,9070,7.94,1,1,2.0,1,7,779415.0,2.0,2013.0,3.0,21.0,1,3.461978853922014,2.7013612129514133,6.0,2020,6,6,2013,11,1,2013,12,2,0.0
49606,25,344,9082,1.88,1,15,1.0,0,5,779413.0,1.0,2016.0,1.6,6.0,1,2.1029138978649784,1.6054298910365616,6.0,2020,8,6,2017,6,1,2017,12,3,0.0
49910,45,131,9125,8.42,1,19,1.0,0,5,779415.0,3.0,2013.0,2.5,25.0,2,3.711130063048756,2.9947317732204075,6.0,2020,11,23,2013,5,1,2013,7,26,0.0
49952,5,67,9138,3.65,1,7,1.0,1,5,779416.0,2.0,2017.0,1.5,19.0,1,2.9745086371023644,2.5862591440482876,6.0,2020,7,25,2018,1,1,2018,2,24,0.0
50038,100,621,9173,6.19,1,1,1.0,2,5,779411.0,3.0,2014.0,4.0,13.0,1,5.819489282368171,5.087596335232384,6.0,2020,8,21,2014,4,1,2015,2,16,2.0
50728,45,131,9290,13.57,1,14,2.0,2,5,779415.0,3.0,2013.0,2.5,3.0,1,3.6082115510464816,2.8836771768885647,6.0,2021,1,11,2012,7,1,2012,9,29,0.0
50921,8,262,9334,0.83,1,4,1.0,0,5,779412.0,2.0,2019.0,1.4,31.0,1,2.949164637737656,2.624668592163159,6.0,2020,12,30,2019,3,1,2019,6,14,0.0
51102,8,16,811,5.73,5,1,1.0,1,5,779412.0,2.0,2013.0,1.6,3.0,1,2.626840145676667,1.7749523509116738,6.0,2021,6,17,2013,5,1,2013,5,27,0.0
52219,8,8,970,3.18,1,7,1.0,0,5,779412.0,2.0,2017.0,1.4,6.0,1,2.196112848483529,1.7884205679625405,6.0,2020,10,17,2017,9,1,2017,10,26,0.0
52367,18,33,725,15.33,4,19,2.0,0,5,779412.0,2.0,2013.0,2.0,13.0,1,3.596215769250517,2.6878474937846906,6.0,2021,5,31,2013,1,1,2013,7,16,0.0
52791,20,127,946,11.44,2,15,1.0,1,5,779412.0,2.0,2013.0,1.8,15.0,1,3.459466289786131,2.631888840136646,6.0,2020,3,8,2013,4,1,2013,5,15,0.0
52887,18,33,9612,8.38,1,1,1.0,0,5,779412.0,2.0,2016.0,2.0,13.0,1,3.582963228522387,2.9856819377004897,6.0,2021,6,25,2015,11,1,2016,1,20,0.0
52986,8,39,9617,13.07,1,1,1.0,0,5,779412.0,2.0,2016.0,1.8,3.0,1,3.099190981922221,2.533696813957432,6.0,2020,1,3,2016,8,1,2016,9,26,0.0
53215,66,256,9682,7.39,5,5,2.0,0,5,779416.0,2.0,2013.0,2.0,3.0,1,3.5832411220909393,2.5937610547000824,6.0,2021,5,21,2014,10,1,2015,6,8,0.0
53352,18,33,9691,3.64,1,3,1.0,0,5,779412.0,2.0,2017.0,2.0,13.0,1,3.5142284036242013,3.091042453358316,6.0,2021,7,31,2017,4,1,2017,6,14,0.0
53365,18,33,9691,10.44,7,3,1.0,0,5,779412.0,2.0,2017.0,2.0,13.0,1,3.5142284036242013,2.9433857931817817,6.0,2020,4,12,2016,9,1,2016,11,15,0.0
53368,18,33,9691,5.34,8,4,1.0,0,5,779412.0,2.0,2017.0,2.0,13.0,1,3.5142284036242013,3.090132948975475,6.0,2020,6,18,2016,12,1,2017,3,10,0.0
53404,18,33,9691,3.26,5,4,1.0,0,5,779412.0,2.0,2017.0,2.0,13.0,1,3.5142284036242013,3.1354942159291497,6.0,2020,9,19,2016,12,1,2017,1,6,0.0
53747,8,208,9739,13.02,5,17,2.0,0,5,779412.0,2.0,2012.0,1.4,31.0,1,2.739548868161581,1.8562979903656263,6.0,2020,11,26,2013,8,1,2013,8,28,0.0
54182,11,15,9826,9.52,5,1,2.0,1,5,779412.0,2.0,2010.0,2.4,20.0,1,3.8832119235740263,2.3978952727983707,6.0,2021,1,20,2010,4,1,2010,6,8,0.0
54275,11,186,9849,4.03,1,1,1.0,0,5,779412.0,2.0,2017.0,1.4,31.0,1,2.9856819377004897,2.6304489550786583,6.0,2020,8,22,2017,8,1,2017,10,12,0.0
54386,12,53,9862,12.21,2,12,2.0,2,5,779415.0,2.0,2013.0,2.0,22.0,1,3.125882958019036,2.468099531471619,6.0,2020,7,24,2013,9,1,2013,10,8,0.0
55090,66,312,9953,5.12,4,5,1.0,1,5,779416.0,2.0,2016.0,2.0,13.0,1,3.492864570187979,2.8892600290434745,6.0,2020,8,15,2016,9,1,2017,1,11,0.0
55456,8,163,10039,3.52,6,1,1.0,1,5,779412.0,2.0,2015.0,1.4,31.0,1,2.9796028916241073,2.33214389523559,6.0,2020,6,27,2015,5,1,2016,6,16,0.0
56462,52,233,10165,4.29,1,17,1.0,0,5,779413.0,1.0,2015.0,1.5,5.0,1,2.432735777459091,1.4996230464268938,6.0,2020,9,12,2016,1,1,2016,6,16,0.0
56790,28,47,10196,8.55,1,9,1.0,2,5,779419.0,2.0,2014.0,1.6,6.0,1,2.3869262414277967,1.55814461804655,6.0,2020,12,14,2014,8,1,2014,12,15,0.0
56882,20,127,1241,12.86,5,1,2.0,0,5,779412.0,2.0,2010.0,1.6,21.0,1,3.459466289786131,2.151762203259462,6.0,2020,12,1,2010,12,1,2010,12,21,0.0
57039,43,424,10240,4.23,4,4,1.0,0,5,779417.0,2.0,2014.0,1.4,31.0,1,2.6304489550786583,1.916922612182061,6.0,2020,6,15,2015,11,1,2016,3,1,0.0
57678,11,63,338,12.05,1,19,2.0,0,5,779412.0,2.0,2013.0,2.0,2.0,1,3.4651107074058083,2.6304489550786583,6.0,2020,12,9,2013,7,1,2013,8,26,0.0
57958,8,135,930,5.8,1,17,2.0,1,5,779412.0,2.0,2014.0,1.6,3.0,1,2.432735777459091,1.7578579175523736,6.0,2021,1,15,2015,1,1,2015,3,20,0.0
58153,5,31,34,10.47,5,1,2.0,1,7,779416.0,2.0,2014.0,2.4,3.0,1,3.086486636822455,2.174751721484161,6.0,2020,4,9,2014,5,1,2014,8,14,0.0
58351,8,219,831,5.39,1,1,1.0,0,5,779412.0,2.0,2017.0,1.6,3.0,1,2.556451816951096,2.1162555148025524,6.0,2020,12,27,2018,6,1,2018,7,27,0.0
58406,20,244,389,9.95,2,15,2.0,1,2,779412.0,3.0,2011.0,1.8,15.0,1,4.091005660956586,2.8791984572980396,6.0,2020,7,17,2011,5,1,2012,4,20,0.0
58435,23,270,10375,7.33,1,1,1.0,0,5,779419.0,2.0,2015.0,2.0,3.0,1,2.8553201198372458,2.300583090323373,6.0,2021,2,28,2017,3,1,2017,4,27,0.0
58483,12,224,10367,5.25,6,1,2.0,3,7,779415.0,2.0,2012.0,2.4,22.0,1,3.5432754802551445,2.917770732084279,6.0,2020,9,27,2013,8,1,2014,3,24,0.0
58632,13,66,10430,6.32,1,18,1.0,0,5,779416.0,2.0,2016.0,2.0,3.0,1,2.9439125248241944,2.2905125117597764,6.0,2021,3,19,2015,10,1,2016,1,11,0.0
58642,8,101,10432,10.0,6,31,1.0,0,5,779412.0,2.0,2012.0,1.8,16.0,1,3.1896529661912973,2.2700619012884857,6.0,2021,7,17,2013,4,1,2013,7,15,0.0
58895,20,95,10463,16.8,2,1,1.0,0,5,779412.0,2.0,2015.0,2.0,15.0,1,3.9080149840306073,3.131136910560194,6.0,2020,6,26,2014,10,1,2014,11,4,0.0
59127,20,255,647,9.16,2,3,2.0,0,7,779412.0,3.0,2017.0,3.0,15.0,1,4.023206534388761,3.459466289786131,6.0,2021,4,24,2016,3,1,2016,9,8,1.0
59142,20,255,647,4.84,2,28,1.0,0,7,779412.0,3.0,2017.0,3.0,15.0,1,4.023206534388761,3.655839600035736,6.0,2020,9,5,2017,5,1,2018,2,12,1.0
59161,27,382,10501,15.4,2,14,2.0,1,7,779411.0,3.0,2010.0,3.0,3.0,3,4.39197696552705,3.417726683613366,6.0,2020,9,28,2009,10,1,2009,12,10,1.0
59162,16,290,10502,10.44,8,5,2.0,2,5,779415.0,2.0,2008.0,2.0,21.0,1,2.9433857931817817,1.5686159179138452,6.0,2020,11,6,2010,11,1,2010,12,24,0.0
59526,20,176,10533,9.09,3,17,1.0,1,4,779412.0,3.0,2014.0,2.0,15.0,1,3.9889840465642745,3.1570004211501135,6.0,2020,8,2,2013,9,1,2014,4,29,0.0
59531,20,176,10533,3.86,1,17,1.0,1,4,779412.0,3.0,2014.0,2.0,15.0,1,3.9889840465642745,3.2809112157876537,6.0,2020,4,6,2015,1,1,2015,7,29,1.0
59537,20,176,10533,6.47,1,1,2.0,0,4,779412.0,3.0,2014.0,2.0,15.0,1,3.9889840465642745,3.169685580677429,6.0,2020,4,7,2013,10,1,2014,2,11,0.0
59667,3,434,10564,9.32,1,4,2.0,0,5,779416.0,2.0,2013.0,1.5,10.0,1,2.6232182655855123,1.7578579175523736,6.0,2021,3,24,2013,12,1,2014,2,10,0.0
59757,12,224,1267,2.85,1,28,1.0,0,7,779415.0,2.0,2016.0,2.4,11.0,1,3.410487428569248,3.246490991901174,6.0,2020,8,8,2017,4,1,2017,5,3,0.0
59878,3,426,10590,9.04,2,17,2.0,1,7,779416.0,3.0,2013.0,3.5,3.0,1,3.9314333989479695,2.8495497633759097,6.0,2021,1,31,2013,11,1,2014,9,19,0.0
60093,18,638,10620,7.11,5,7,1.0,1,4,779412.0,2.0,2014.0,3.0,13.0,1,4.273884476054178,3.4436180975461075,6.0,2020,11,15,2015,5,1,2015,7,29,1.0
60474,11,15,802,17.56,2,4,2.0,1,5,779412.0,2.0,2011.0,2.0,20.0,1,3.749974553473747,2.3589654264301534,6.0,2020,8,21,2011,8,1,2011,10,26,0.0
61299,11,186,10806,3.01,1,7,1.0,1,5,779412.0,2.0,2019.0,1.4,16.0,1,3.0184717605234805,2.6864860231863696,6.0,2021,5,13,2019,1,1,2019,6,5,0.0
61596,11,15,10841,3.94,2,13,1.0,0,5,779412.0,2.0,2019.0,2.0,7.0,1,3.792788917504448,3.58351893845611,6.0,2021,3,13,2019,6,1,2019,10,14,1.0
61680,7,182,10866,2.43,6,3,2.0,0,5,779415.0,2.0,2015.0,1.5,11.0,1,2.300583090323373,1.8855533485144158,6.0,2020,8,12,2017,12,1,2018,3,14,0.0
61713,38,278,10870,8.51,5,15,2.0,0,5,779421.0,2.0,2013.0,1.6,3.0,1,2.7053799725463312,1.6770965609079151,6.0,2020,6,5,2013,4,1,2013,4,23,0.0
62250,109,882,10971,4.55,4,1,1.0,1,5,779417.0,3.0,2017.0,3.0,13.0,1,4.562784469491653,4.039536325727106,6.0,2021,2,23,2016,8,1,2016,11,21,2.0
62307,44,181,10982,6.16,2,3,1.0,1,5,779416.0,3.0,2015.0,3.0,21.0,1,3.849083205654272,3.5234150143864045,6.0,2020,4,12,2016,8,1,2017,2,7,1.0
62494,23,77,11017,5.22,1,7,1.0,0,7,779419.0,2.0,2017.0,2.0,3.0,1,3.2180755046974316,2.6304489550786583,6.0,2020,9,4,2018,5,1,2018,7,19,0.0
62691,74,288,11046,2.91,1,14,1.0,1,5,779413.0,1.0,2016.0,2.0,13.0,1,2.7067159780890733,1.9286186519452522,6.0,2021,5,4,2016,12,1,2018,1,10,0.0
62878,16,290,11083,10.42,5,17,3.0,1,5,779415.0,2.0,2006.0,2.3,21.0,1,3.2457124788217606,1.8687205103641833,6.0,2020,11,21,2006,12,1,2007,3,20,0.0
63020,2,34,1001,11.89,2,1,2.0,0,5,779415.0,2.0,2012.0,2.7,3.0,1,3.2534704696327,2.760009940032921,6.0,2020,8,30,2012,12,1,2013,1,5,0.0
63143,20,95,11120,4.91,2,35,1.0,1,5,779412.0,2.0,2019.0,2.0,19.0,1,3.8624125048748117,3.7612001156935624,6.0,2020,7,23,2018,10,1,2019,1,15,1.0
63165,7,166,11117,13.87,5,7,3.0,2,5,779415.0,2.0,2006.0,2.3,4.0,1,3.1346242724206097,1.4469189829363254,6.0,2020,5,30,2007,1,1,2007,1,12,0.0
63224,18,243,11136,4.27,2,1,1.0,0,5,779412.0,3.0,2019.0,3.0,13.0,1,4.343675543289958,4.314817884980432,6.0,2021,4,28,2018,10,1,2019,2,18,2.0
63570,7,57,1084,12.13,5,17,1.0,0,5,779412.0,2.0,2014.0,2.0,20.0,1,3.0291670496402285,2.4042387467205457,6.0,2020,7,26,2014,8,1,2014,9,12,0.0
63585,7,57,1084,4.85,1,4,1.0,1,5,779412.0,2.0,2014.0,2.0,20.0,1,3.0291670496402285,2.658859956911438,6.0,2020,7,19,2016,8,1,2017,1,20,0.0
63822,2,34,1318,7.87,1,1,1.0,1,7,779415.0,2.0,2015.0,2.0,3.0,1,3.528710701961115,3.2308043957334744,6.0,2020,8,16,2015,8,1,2015,9,2,0.0
64815,11,861,11372,7.44,3,92,1.0,1,4,779412.0,3.0,2016.0,3.0,31.0,1,4.416428061391214,3.6000482404073204,6.0,2020,4,30,2016,1,1,2016,1,7,1.0
65376,12,380,11452,3.2,1,2,1.0,0,5,779415.0,2.0,2017.0,1.5,11.0,1,2.3589654264301534,2.1138429683971687,6.0,2020,3,20,2018,4,1,2018,6,28,0.0
65397,8,208,11458,2.05,1,3,1.0,0,5,779412.0,2.0,2017.0,1.4,31.0,1,2.8859174075467844,2.6741486494265287,6.0,2020,5,9,2019,1,1,2019,3,26,0.0
65651,18,175,11508,8.91,6,22,1.0,0,5,779412.0,2.0,2018.0,2.0,13.0,1,3.8284239815518326,3.5496173867804286,6.0,2020,7,10,2017,6,1,2017,11,23,1.0
65820,20,127,11520,6.94,1,19,1.0,0,5,779412.0,2.0,2016.0,2.0,15.0,1,3.4806245152934774,3.1170601300137464,6.0,2020,7,3,2015,12,1,2016,1,8,0.0
66212,18,819,11582,1.93,1,4,1.0,0,5,779412.0,2.0,2017.0,1.5,3.0,1,3.177220149599368,2.7713379403381286,6.0,2020,7,20,2018,5,1,2018,6,21,0.0
66295,11,238,11593,11.75,6,1,2.0,0,5,779412.0,2.0,2015.0,2.0,13.0,1,3.9037892005010426,3.164630810015805,6.0,2020,11,26,2014,12,1,2015,3,13,0.0
66396,57,1078,11619,4.85,5,13,2.0,0,5,779413.0,1.0,2012.0,1.6,6.0,1,2.2710944259026746,1.0577902941478545,6.0,2020,10,10,2013,1,1,2013,2,22,0.0
66523,20,95,11611,2.9,2,1,1.0,0,5,779412.0,2.0,2017.0,3.0,19.0,1,4.158570534521372,3.7954891891721947,6.0,2020,2,15,2016,12,1,2017,2,9,1.0
66696,8,423,1100,1.78,2,19,4.0,0,5,779412.0,2.0,2019.0,1.4,23.0,2,3.3908102887756684,2.9745086371023644,6.0,2021,7,5,2019,5,1,2019,7,13,0.0
66885,33,302,11672,12.47,1,17,2.0,1,5,779414.0,2.0,2012.0,2.0,3.0,1,2.9533465570575532,1.7884205679625405,6.0,2020,10,10,2012,10,1,2013,1,25,0.0
67822,18,33,11797,6.84,4,19,1.0,5,5,779412.0,2.0,2014.0,2.0,13.0,1,3.7584055167625467,2.917770732084279,6.0,2021,4,17,2014,4,1,2016,7,13,0.0
68106,6,91,112,4.16,1,3,1.0,0,5,779413.0,1.0,2017.0,1.8,12.0,1,2.259677591982769,1.682688374173693,6.0,2020,4,24,2016,10,1,2016,11,22,0.0
68108,12,129,1122,3.65,1,17,1.0,1,5,779415.0,2.0,2015.0,1.8,22.0,1,2.6727683869575705,2.0149030205422647,6.0,2020,7,24,2015,9,1,2016,1,22,0.0
68131,26,550,11828,10.21,1,19,2.0,0,5,779413.0,1.0,2014.0,1.5,18.0,2,3.2950958507796098,1.6486586255873816,6.0,2020,10,19,2015,4,1,2015,5,21,0.0
68167,55,730,11838,12.86,1,14,2.0,1,5,779415.0,3.0,2010.0,2.5,15.0,1,3.708682081410116,2.5257286443082556,6.0,2021,1,25,2010,9,1,2010,10,29,0.0
68450,20,255,11877,8.54,2,1,1.0,1,6,779412.0,3.0,2014.0,3.0,15.0,1,4.231203744939298,3.3877743613300146,6.0,2021,3,9,2016,1,1,2016,7,6,1.0
68476,2,82,1341,2.79,1,3,1.0,1,5,779412.0,2.0,2018.0,2.5,25.0,2,3.2180755046974316,3.0937660138253564,6.0,2020,6,16,2018,12,1,2019,1,16,0.0
69137,11,15,844,13.79,2,5,1.0,0,5,779412.0,2.0,2014.0,2.0,2.0,1,3.7371933143924867,3.0106208860477417,6.0,2021,1,31,2015,3,1,2015,5,27,0.0
69213,4,1190,11977,3.75,1,14,2.0,1,2,779411.0,3.0,2012.0,1.6,3.0,1,3.490428515390098,2.785011242238338,6.0,2020,9,5,2012,12,1,2013,3,14,0.0
69913,12,71,656,2.37,1,1,2.0,0,5,779415.0,2.0,2013.0,1.8,22.0,1,2.7067159780890733,2.194999882314108,6.0,2021,1,16,2013,12,1,2014,1,3,0.0
70167,13,222,12107,3.97,1,2,1.0,0,5,779412.0,2.0,2018.0,1.5,3.0,1,2.3115448343655176,1.9430489167742813,6.0,2020,3,13,2018,4,1,2018,8,28,0.0
70181,5,73,12117,6.75,8,7,1.0,0,5,779416.0,2.0,2017.0,2.0,3.0,1,3.331847303527362,2.8201877010390604,6.0,2021,4,12,2017,8,1,2018,3,28,0.0
70346,8,16,1336,11.52,4,7,2.0,0,5,779412.0,2.0,2011.0,1.6,3.0,1,2.644755350729896,1.5390154481375546,6.0,2020,12,4,2010,12,1,2011,1,18,0.0
70487,17,480,12153,10.71,1,17,1.0,0,5,779412.0,2.0,2017.0,1.5,32.0,2,2.9750192319564492,2.0149030205422647,6.0,2020,9,12,2017,9,1,2017,9,27,0.0
70504,17,480,12153,5.99,1,17,1.0,1,5,779412.0,2.0,2017.0,1.5,32.0,2,2.9750192319564492,1.9878743481543455,6.0,2020,12,27,2017,9,1,2017,10,27,0.0
70914,33,104,128,14.49,6,17,2.0,0,5,779414.0,2.0,2013.0,1.6,3.0,1,3.112181086197238,1.9286186519452522,6.0,2020,11,10,2014,1,1,2014,2,20,0.0
71510,50,180,12328,12.78,6,15,2.0,0,5,779415.0,3.0,2012.0,2.5,17.0,1,3.331489969237335,2.066862759472976,6.0,2021,4,22,2011,11,1,2012,2,9,0.0
71531,12,71,12341,4.48,1,28,1.0,1,5,779415.0,2.0,2016.0,1.8,6.0,1,2.6518325211039815,2.151762203259462,6.0,2020,7,3,2016,2,1,2016,4,20,0.0
71705,17,592,12370,2.62,1,14,1.0,0,7,779412.0,2.0,2018.0,2.0,32.0,2,3.2577118486533987,2.9112576762163314,6.0,2020,9,25,2018,7,1,2018,9,14,0.0
71758,10,52,59,2.33,1,28,1.0,0,5,779413.0,1.0,2017.0,1.5,20.0,1,2.0001277349601105,1.6448050562713916,6.0,2020,7,5,2017,2,1,2017,4,24,0.0
71869,7,113,675,9.61,1,15,1.0,0,5,779415.0,2.0,2016.0,1.6,11.0,1,2.6741486494265287,2.224623551524334,6.0,2020,7,25,2017,3,1,2017,6,9,0.0
72036,11,63,12415,12.51,3,3,2.0,1,5,779415.0,2.0,2010.0,2.0,2.0,1,3.63705970538414,2.186051276738094,6.0,2021,7,31,2009,12,1,2010,1,7,0.0
72048,18,243,12421,14.87,2,3,1.0,1,5,779412.0,3.0,2014.0,3.0,13.0,1,4.572646994282532,3.6428355156125294,6.0,2021,7,11,2015,4,1,2015,11,25,1.0
72403,8,400,12463,16.55,6,7,2.0,1,5,779412.0,3.0,2011.0,3.0,13.0,2,4.7140245909001735,3.279406324608233,6.0,2020,7,3,2011,12,1,2012,8,27,1.0
72681,18,638,12491,0.72,3,1,4.0,0,5,779412.0,3.0,2019.0,2.0,13.0,1,3.610377225958979,3.495901317131453,6.0,2021,6,15,2019,2,1,2019,7,4,1.0
73087,8,101,12566,4.49,5,1,1.0,1,5,779412.0,2.0,2017.0,2.0,7.0,1,3.2577118486533987,2.803360380906535,6.0,2021,1,24,2016,10,1,2016,11,18,0.0
73322,5,159,12607,1.01,1,7,4.0,0,5,779412.0,2.0,2021.0,1.5,3.0,1,2.6093342281630525,2.238579763018133,6.0,2020,12,13,2020,5,1,2020,6,29,0.0
73432,33,736,12620,5.93,1,4,2.0,0,5,779414.0,2.0,2014.0,1.6,6.0,1,2.248128907197987,1.2809338454620642,6.0,2020,12,18,2014,4,1,2014,4,30,0.0
73590,20,459,12629,12.15,2,1,2.0,0,5,779412.0,3.0,2010.0,3.5,15.0,1,4.508659285607248,3.0204248861443626,6.0,2021,1,12,2011,4,1,2011,9,26,0.0
73819,5,67,12672,13.68,6,4,3.0,1,5,779416.0,2.0,2010.0,2.0,3.0,1,3.062923523094314,1.6054298910365616,6.0,2021,1,12,2010,7,1,2010,9,27,0.0
